Seq_ID,Pattern_ID,Sequence,ML_Score,BLAST_Score,Total_Score,Prediction
Seq1,Pattern_1,ISRTEYLCE,0.34,0,0.34,Binder
Seq1,Pattern_2,SRTEYLCEN,0.28,0,0.28,Binder
Seq1,Pattern_3,RTEYLCENS,0.29,0,0.29,Binder
Seq1,Pattern_4,TEYLCENSL,0.3,0,0.3,Binder
Seq1,Pattern_5,EYLCENSLE,0.22,0,0.22,Binder
Seq1,Pattern_6,YLCENSLEG,0.22,0,0.22,Binder
Seq1,Pattern_7,LCENSLEGK,0.26,0,0.26,Binder
Seq1,Pattern_8,CENSLEGKN,0.24,0,0.24,Binder
Seq1,Pattern_9,ENSLEGKNK,0.15,0,0.15,Non-binder
Seq1,Pattern_10,NSLEGKNKD,0.14,0,0.14,Non-binder
Seq2,Pattern_1,EVIPTAFKI,0.38,0,0.38,Binder
Seq2,Pattern_2,VIPTAFKIG,0.41,0,0.41,Binder
Seq2,Pattern_3,IPTAFKIGK,0.41,0,0.41,Binder
Seq2,Pattern_4,PTAFKIGKT,0.39,0,0.39,Binder
Seq2,Pattern_5,TAFKIGKTY,0.3,0,0.3,Binder
Seq2,Pattern_6,AFKIGKTYT,0.29,0,0.29,Binder
Seq2,Pattern_7,FKIGKTYTP,0.3,0,0.3,Binder
Seq3,Pattern_1,DSEPTVRAE,0.21,0,0.21,Binder
Seq3,Pattern_2,SEPTVRAEL,0.2,0,0.2,Binder
Seq3,Pattern_3,EPTVRAELM,0.2,0,0.2,Binder
Seq3,Pattern_4,PTVRAELME,0.21,0,0.21,Binder
Seq3,Pattern_5,TVRAELMEQ,0.12,0,0.12,Non-binder
Seq3,Pattern_6,VRAELMEQV,0.12,0,0.12,Non-binder
Seq3,Pattern_7,RAELMEQVP,0.12,0,0.12,Non-binder
Seq3,Pattern_8,AELMEQVPH,0.15,0,0.15,Non-binder
Seq4,Pattern_1,EVLYGKPLA,0.18,0,0.18,Binder
Seq4,Pattern_2,VLYGKPLAG,0.21,0,0.21,Binder
Seq4,Pattern_3,LYGKPLAGV,0.23,0,0.23,Binder
Seq4,Pattern_4,YGKPLAGVY,0.25,0,0.25,Binder
Seq4,Pattern_5,GKPLAGVYR,0.39,0,0.39,Binder
Seq4,Pattern_6,KPLAGVYRS,0.42,0,0.42,Binder
Seq4,Pattern_7,PLAGVYRSL,0.39,0,0.39,Binder
Seq4,Pattern_8,LAGVYRSLK,0.43,0,0.43,Binder
Seq4,Pattern_9,AGVYRSLKG,0.41,0,0.41,Binder
Seq4,Pattern_10,GVYRSLKGQ,0.45,0,0.45,Binder
Seq4,Pattern_11,VYRSLKGQL,0.41,0,0.41,Binder
Seq4,Pattern_12,YRSLKGQLE,0.34,0,0.34,Binder
Seq5,Pattern_1,SEAEVEQLL,0.09,0,0.09,Non-binder
Seq5,Pattern_2,EAEVEQLLS,0.1,0,0.1,Non-binder
Seq5,Pattern_3,AEVEQLLSE,0.12,0,0.12,Non-binder
Seq5,Pattern_4,EVEQLLSER,0.11,0,0.11,Non-binder
Seq5,Pattern_5,VEQLLSERA,0.1,0,0.1,Non-binder
Seq5,Pattern_6,EQLLSERAP,0.12,0,0.12,Non-binder
Seq6,Pattern_1,WLDAKSTWY,0.37,0,0.37,Binder
Seq6,Pattern_2,LDAKSTWYG,0.42,0,0.42,Binder
Seq6,Pattern_3,DAKSTWYGK,0.43,0,0.43,Binder
Seq6,Pattern_4,AKSTWYGKP,0.41,0,0.41,Binder
Seq6,Pattern_5,KSTWYGKPT,0.4,0,0.4,Binder
Seq6,Pattern_6,STWYGKPTG,0.32,0,0.32,Binder
Seq6,Pattern_7,TWYGKPTGA,0.29,0,0.29,Binder
